{
    "../assets/archive/images/train/00006c07d2b033d1.jpg": {
        "coordonnee_detectee": {
            "Human0": [
                332.8,
                235.199488,
                142.400512,
                196.800512
            ],
            "Human1": [
                609.599488,
                227.2,
                145.6005120000001,
                193.599488
            ]
        },
        "coordonnee_reel": [
            [
                332.8,
                235.199488,
                142.400512,
                196.800512
            ],
            [
                609.599488,
                227.2,
                145.6005120000001,
                193.599488
            ]
        ],
        "iou": 0.0
    },
    "../assets/archive/images/train/0000bee39176697a.jpg": {
        "coordonnee_detectee": {
            "Human0": [
                186.24,
                249.80592399999998,
                80.0,
                105.04713799999999
            ],
            "Human1": [
                322.56,
                175.50507000000002,
                87.68,
                121.700527
            ],
            "Human2": [
                641.28,
                104.405924,
                126.08000000000004,
                169.09947300000002
            ]
        },
        "coordonnee_reel": [
            [
                186.24,
                249.80592399999998,
                80.0,
                105.04713799999999
            ],
            [
                322.56,
                175.50507000000002,
                87.68,
                121.700527
            ],
            [
                641.28,
                104.405924,
                126.08000000000004,
                169.09947300000002
            ]
        ],
        "iou": 0.0
    },
    "../assets/archive/images/train/0000eda1171fe14e.jpg": {
        "coordonnee_detectee": {
            "Human0": [
                81.28,
                363.595016,
                25.599999999999994,
                24.965708000000006
            ]
        },
        "coordonnee_reel": [
            [
                81.28,
                363.595016,
                25.599999999999994,
                24.965708000000006
            ],
            [
                400.64,
                581.2403439999999,
                49.920000000000016,
                65.29344400000002
            ],
            [
                488.96,
                525.549036,
                48.64000000000004,
                69.77413200000001
            ],
            [
                785.92,
                558.836132,
                50.56000000000006,
                122.26472799999999
            ],
            [
                842.88,
                389.84069999999997,
                49.27999999999997,
                49.29065600000001
            ]
        ],
        "iou": 0.0
    },
    "../assets/archive/images/train/00090bdd55ec42c3.jpg": {
        "coordonnee_detectee": {},
        "coordonnee_reel": [
            [
                344.98908,
                172.372992,
                133.21310400000004,
                169.81401599999998
            ]
        ],
        "iou": 0.681238171977148
    },
    "../assets/archive/images/train/000d1eae99343db8.jpg": {
        "coordonnee_detectee": {},
        "coordonnee_reel": [
            [
                196.44136699999999,
                246.4,
                372.40730799999994,
                590.08
            ]
        ],
        "iou": 0.0
    },
    "../assets/archive/images/train/001065b2a612f5ad.jpg": {
        "coordonnee_detectee": {
            "Human0": [
                263.29699800000003,
                62.08,
                111.46825799999999,
                151.68
            ]
        },
        "coordonnee_reel": [
            [
                263.29699800000003,
                62.08,
                111.46825799999999,
                151.68
            ]
        ],
        "iou": 0.7488547802014308
    },
    "../assets/archive/images/train/00134c19ee564cad.jpg": {
        "coordonnee_detectee": {},
        "coordonnee_reel": [
            [
                273.28,
                190.07999999999998,
                218.24,
                303.35999999999996
            ]
        ],
        "iou": 0.5849300878357323
    },
    "../assets/archive/images/train/00143d27992ccf33.jpg": {
        "coordonnee_detectee": {
            "Human0": [
                0.0,
                489.59999999999997,
                60.8,
                74.40000000000003
            ],
            "Human1": [
                300.000256,
                202.400256,
                251.99923200000006,
                399.199488
            ]
        },
        "coordonnee_reel": [
            [
                0.0,
                489.59999999999997,
                60.8,
                74.40000000000003
            ],
            [
                300.000256,
                202.400256,
                251.99923200000006,
                399.199488
            ],
            [
                640.0,
                108.0,
                248.800256,
                366.39974400000006
            ]
        ],
        "iou": 0.7000956965708869
    },
    "../assets/archive/images/train/0014d30877173ab7.jpg": {
        "coordonnee_detectee": {},
        "coordonnee_reel": [
            [
                89.6,
                63.528385,
                103.68,
                128.98159400000003
            ]
        ],
        "iou": 0.0
    },
    "../assets/archive/images/train/0019f8ef73bbe608.jpg": {
        "coordonnee_detectee": {},
        "coordonnee_reel": [
            [
                547.2,
                396.800256,
                201.5999999999999,
                255.99974399999996
            ]
        ],
        "iou": 0.27500026212790946
    },
    "../assets/archive/images/train/001fbc2036824d74.jpg": {
        "coordonnee_detectee": {},
        "coordonnee_reel": [
            [
                332.8,
                299.12456,
                96.0,
                167.157284
            ],
            [
                775.999488,
                290.32626700000003,
                66.40025600000001,
                156.76037999999994
            ]
        ],
        "iou": 0.0
    },
    "../assets/archive/images/train/002250249e2eaa0a.jpg": {
        "coordonnee_detectee": {},
        "coordonnee_reel": [
            [
                145.92,
                47.360256,
                665.6,
                719.3594879999999
            ]
        ],
        "iou": 0.0
    },
    "../assets/archive/images/train/00228d70340dbb12.jpg": {
        "coordonnee_detectee": {},
        "coordonnee_reel": [
            [
                295.68,
                0.0,
                416.64000000000004,
                282.879744
            ],
            [
                433.28,
                284.79974400000003,
                389.12,
                268.79999999999995
            ]
        ],
        "iou": 0.0
    },
    "../assets/archive/images/train/0025ef4ce41f4223.jpg": {
        "coordonnee_detectee": {
            "Human0": [
                169.917572,
                161.792,
                329.598644,
                444.41599999999994
            ]
        },
        "coordonnee_reel": [
            [
                169.917572,
                161.792,
                329.598644,
                444.41599999999994
            ]
        ],
        "iou": 0.7516260637764063
    },
    "../assets/archive/images/train/00288c28e836fc12.jpg": {
        "coordonnee_detectee": {},